Sign_Order,Sign_Order_Num,Fortune_Level,Poem_Title,Poem_Text,Holy_Meaning,Sign_Interpretation,Divine_Guidance,Allusion
第 1 籤,1,上籤子宮,鍾離成道,開天闢地作良緣，吉日良時萬物全；若得此籤非小可，人行忠正帝王宣。,此卦盤古初開天地之象，諸事皆吉也。,急速兆速 年未值時 觀音降筆 先報君知,"自身秋冬大利　失物東北　行人至　尋人見
求財秋冬大利　疾病歿送　田蠶好　公訟吉
家宅祈福　交易成　六畜好　山墳吉
六甲生男　婚姻成",鍾離成道。東漢時人姓鍾離。名權字雲房。號正陽。陝西西安咸陽縣，仕漢將軍，每出兵俱爲先鋒至五十歲免不得殺人三十餘萬。北征吐番。兵二萬。嬴弱士卒。利盡散。獨騎逃至山谷。胡僧引入終南山凝陽洞。人生榮辱得失。辭官修道。東華帝君授仙法。遂隱晉州羊角山。漢武帝時。次禮聘不出。朝廷每有大事。往諮詢。稱山中宰相。呂洞賓之師。八仙之首。正陽派之開山祖師。稱爲正陽帝君。后皇帝封爲太極左右宮真人。
第 2 籤,2,下籤子宮,蘇秦不第,鯨魚未變守江河，不可升騰更望高；異日崢嶸身變化，許君一躍跳龍門。,此卦鯨魚未變之象，凡事忍耐待時也。,得忍且忍 得耐且耐 須待時至 功名還在,"家宅不安　行人平安　婚姻難　公訟和
自身還願　六畜不利　田蠶吉　移徙去
求財欠利　失物東南　尋人見　山墳吉
六甲作福　疾病祈保",蘇秦。戰國東周洛陽人。師鬼谷子。遊說秦王。書十二上其說。不行。裘敝金盡。憔悴而歸。至家妻不下(織)機。(不理睬其夫)嫂不爲炊。(不煮飯給其叔)秦慚怒。得太公陰符。發憤苦讀。困怠時用錐刺股。痛而再讀。後以合從(縱)之說。聯六國抗秦。說趙竟佩六國相印。
第 3 籤,3,下籤子宮,董永賣身,臨風冒雨去還鄉，正是其身似燕兒；銜得坭來欲作壘，到頭壘壞復須坭。,此卦燕子銜坭之象，凡事勞心費力也。,千般用計 晨昏不停 誰知此事 到底勞心,"家宅先兇後吉　公訟有理　蠶畜利　失物見
自身謹防　求財有　尋人見　交易成
疾病還願　六甲男　移徙安　山墳吉
婚姻不合　行人吉",董永遇仙。漢。董永。千乘人。少失母。獨養父。流寓孝感。父亡無以葬。乃從人貸錢一萬。日後無錢還。當以身作奴。葬畢。皇天見其孝行。即差仙女下凡爲婚。董永道遇一婦人。求爲永妻。永與俱詰。錢主令織縑(錦)三百疋以償。一月而畢。辭永去。乃曰。我係天上織女。緣君至孝。玉帝令我助君償債。言訖。凌空而去。敕封進寶狀元。仙姬曰。天賜兒子三歲送還。(仙女迴天)。後其子十六歲中狀元。衣錦還鄉。
第 4 籤,4,上籤子宮,玉蓮會十朋,千年古鏡復重圓，女再求夫男再婚；自此門庭重改換，更添福祿在兒孫。,此卦古鏡重圓之象，凡事勞心有貴也。,淘沙見金 騎龍踏虎 雖是勞心 於中有補,"自身秋冬旺　田蠶可養　失物遲見　行人至
求財秋冬旺　六畜可養　疾病祈福　尋人見
家宅欠利　公訟不利　交易允　山墳吉
六甲祈保　移徙守舊　婚姻成",玉蓮會十朋。荊錄記。宋朝。王十朋少時家貧，與錢玉蓮結婚。十朋上京赴考。孫汝權逼玉蓮相嫁。玉蓮投河自殺獲救。十朋中狀元。拒娶丞相之女爲妻。二人幾經波折。夫妻始復團圓。
第 5 籤,5,中籤丑宮,劉晨遇仙,一錐鑿地要求泉，努力求之得最難；無意偶然遇知己，相逢攜手上青天。,此卦錐地求泉之象，凡事先難後易也。,慾望心事 西方可求 不如莫動 立地可謀,"田蠶宜早種　疾病禳星　婚姻合　尋人見
家宅祈福　自身利　六甲安　移徙吉
公訟宜和　求財利　行人遲　山墳吉
失物不見　交易合　六畜損",劉晨遇仙。東漢永平年間。劉晨和阮肇國二人入天台山採藥。遇二仙女。招至成親。半年後二人回家。方知子孫已過七世了，時已過百年。無人認識二人。二人返山找仙女。終找不到原路。喻有心花開花不發。無心插柳柳成蔭。
第 6 籤,6,中籤丑宮,仁貴遇主,投身巖下銅鳥居，須是還他大丈夫；拾得營謀誰可得，通行天地此人無。,此卦投巖銅(雕)鳥之象，凡事宜順吉之兆。,食用無餘 身清喜貧 待時利樂 權與概人,"家宅不利　田蠶早種　六甲安　移徙吉
自身中吉　疾病歿送　行人近　失物見
求財中吉　公訟有理　六畜損　山墳吉
婚姻平平　交易難　尋人見",仁貴遇主。唐朝。薛仁貴三次投軍。不得志。只任伙頭。打仗有功也被他人冒領。唐太宗(李世民)被蓋蘇追殺。危急之中。得仁貴救。即被唐太宗封爲元帥。後爲徵東大將軍帶兵東征。累立戰功。
第 7 籤,7,下籤丑宮,蘇娘走難,奔波阻隔重重險，帶水拖坭去度山；更望他鄉求用事，千鄉萬里未回還。,此卦拖坭帶水之象，凡事守舊則吉也。,退身可得 進步爲難 只宜守舊 莫望高扳,"求財秋冬吉　婚姻祈福　失物不見　尋人難
家宅不利　六甲祈福　疾病作福　公訟虧
自身祈福　田蠶不利　山墳不利　移徙吉
交易平平　六畜不利　行人阻",蘇娘走難。周朝景王時。皇后蘇英。善與鸚鵡對話。獲帝讚賞。西宮梅玉春妒嫉，陷害蘇英。潘葛之妻代後受刑。娘娘逃至白馬寺。腹痛產下太子。喻誰無逆境。隨遇而安可也。
第 8 籤,8,上籤丑宮,斐度還帶,茂林松柏正興旺，雨雪風霜總莫爲；異日忽然成大用，功名成就棟樑材。,此卦此卦松柏茂林之象，凡事有貴氣也。,路上亨通 終身有功 田蠶豐熟 家道興隆,"自身順利　家宅吉　田蠶利　失物見
求財中平　交易旺　六畜損　疾病安
行人有信　婚姻成　尋人至　山墳吉
公訟有理　六甲男　移徙吉",斐度還帶。斐度是唐朝憲宗皇帝的宰相，在年輕時，斐度家境貧困。一日到香山寺拜佛，在地上拾到價值連城的玉帶數條，尋訪物主，終得歸還。以此積德，反得高官厚祿，富貴榮華。後考中進士，任宰相，督師破蔡州，平濰西。晚年辭官居洛陽。
第 9 籤,9,中籤寅宮,孔明點將,煩君勿作私心事，此意偏宜說問公；一片明心光皎潔，宛如皎月正天心。,此卦皎月當空之象，凡事光明通達也。,心中正直 理順法寬 聖無私語 終有分明,"求財中平　自身順　行人動　尋人至
公訟有理　交易旺　田蠶利　疾病安
失物祈福　婚姻成　六畜損　山墳吉
家宅吉　六甲男",孔明點將。三國時。諸葛亮。字孔明。琅琊人。漢末避居南陽。研究奇門遁法。天文術數。卦算韜略。無所不精。劉備三顧草廬。出任軍師。曹操大將夏侯敦領兵來攻。孔明升帳。調兵點將。關公張飛都不服氣。在博望坡擊敗曹軍。劉備軍隊大獲全勝，關張從此信服。先主即位。拜丞相。受以託孤。後主封爲武卿侯。卒諡忠武。
第 10 籤,10,中籤寅宮,龐涓觀陣,石藏無價玉和珍，只管他鄉外客尋；宛如持燈更覓火，不如收拾枉勞心。,此卦持燈覓火之象，凡事待時成就也。,姻緣會遇 何事不成 須無限意 眼前是真,"家宅欠利　失物難見　求財難　行人動
田蠶秋吉　疾病歿送　交易難　尋人見
六畜難養　山墳中平　婚姻合　公訟虧
移徙舊安　自身安　六甲女",龐涓觀陣。戰國。孫臏齊人。龐涓魏人。同師事鬼谷子。孫臏之學優於龐涓。涓爲魏將。與臏鬥智。輸而忌之。乃以計刖其足。後孫臏假作顛狂。得脫歸。齊威王以臏爲師。將兵伐魏。龐涓至營地觀陣。認得是孫臏顛倒八門陣。但破不了。孫臏用減竈添兵之法。賺龐涓。追至馬陵道。伏弩射死。
第 11 籤,11,上籤寅宮,書薦姜維,欲求勝事可非常，爭奈親姻日暫忙；到頭竟必成鹿箭，貴人指引貴人鄉。,此卦因禍得福之象，凡事營謀吉利也。,有意興變 到底安然 若問用事 只近貴人,"家宅大吉　六畜中平　求財有　尋人見
自身順利　公訟有理　交易成　移徙旺
行人未至　失物東方　婚姻合　山墳吉
田蠶中平　疾病禳星　六甲男",三國時。姜維原爲魏國戰將。被孔明收服。姜維智勇雙全。得孔明器重。孔明帶兵六出祁山。病重命危。將己所著兵書二十四篇。計十萬四千一百一十二字。內有八務七戒六恐五懼之法傳授給大將軍姜維。望其秉承遺志。
第 12 籤,12,上籤寅宮,武吉遇師,否去泰來咫尺間，暫交君子出於山；若逢虎兔佳音信，立志忙中事即閒。,此卦禍中有福之象，凡事先兇後吉也。,換麻得絲 擊人雙足 要見分明 因災得福,"交易宜遲　疾病秋吉　婚姻成　移徙守
行人未回　家宅安　六甲男　失物見
六畜慎吉　自身吉　田蠶利　山墳吉
尋人有信　求財有　公訟吉",武吉遇師。武吉本是樵夫。姜子牙釣於磻溪。二人相遇。見子牙用直鉤釣魚大笑。子牙看武吉氣息斷曰。今日入城打死人。武吉怒別。擔柴入城。誤觸王相致死。文王畫地爲牢。武吉後被暫釋。照顧老母至秋後正法。老母令其找姜子牙求救。太公收其爲徒。授兵法。又令其挖坑施咒破解先天數。秋後不見武吉伏刑。文王演先天數。以爲武吉已畏罪自殺。後文王碰見武吉。武吉引文王見姜太公。受封武德將軍。師徒二人爲文王效力。
第 13 籤,13,中籤寅宮,羅通拜帥,自小生在富貴家，眼前萬物總奢華；蒙君賜紫金玉帶，四海聲名定可誇。,此卦龍門得遇之象，凡事有變大吉也。,囚人逢赦 病即安然 龍門得遇 名遍皇都,"家宅祈福　行人祈保　移徙守舊　尋人見
自身祈福　田蠶中平　失物東方　疾病安
求財冬吉　六畜中平　婚姻合　山墳吉
交易宜遲　公訟有理　六甲女",羅通拜帥：唐初。羅通十七歲。於校場比武獲帥印。領兵北伐掃敵。後觸怒唐太宗被免官。獲程咬金求情得寬赦。喻少年得志。有成語曰。羅通掃北。
第 14 籤,14,中籤卯宮,子牙棄官,宛如仙鶴出樊籠，脫得樊籠路路通；南北東西無阻隔，任君直上九霄宮。,此卦仙鶴離籠之象，凡事先兇後吉也。,任意無慮 路有亨通 隨心所欲 逍遙如人,"家宅不安　失物東南　婚姻合　尋人阻
自身還願　疾病歿送　六甲男　移徙吉
田蠶秋利　求財合　行人見　山墳吉
公訟宜和　交易合　六畜損",子牙棄官。(封神傳)商朝紂王時。姜子牙。一無所成。樣樣失敗。時已七十二歲。火燒琵琶精後。獲司天監職。官拜下大夫。紂王建鹿臺。子牙諫王免勞民傷財。不果。逃回宋異人莊(宋家莊)上。欲與妻馬氏離朝歌(首府)往西岐(文王首府)。其妻不肯。子牙寫了休書。獨自往西岐去。在渭水釣魚。等待時機。
第 15 籤,15,中籤卯宮,蘇秦得志,行人怨日氣難吞，忽有災事勿近前；鳥破林巢無所宿，可尋深處穩安身。,此卦鳥鵲離林之象，凡事到底應心也。,若人和怨 何時可伸 好言不信 守舊待時,"家宅先兇後吉　移徙遠可　交易成　六畜旺
自身謹防　失物難見　六甲男　尋人見
婚姻阻滯　疾病還願　行人順　山墳吉
公訟有理　求財吉　田蠶旺",蘇秦得志。戰國。蘇秦。洛陽人。師鬼谷子。遊說秦王。書十二上其說。不行。裘敝金盡。憔悴而歸。至家妻不下織機(不理睬其夫)。嫂不爲炊(不煮飯給其叔)。秦慚怒。得太公陰符。發憤苦讀。困怠時用錐刺股。痛而再讀。再出謀事。以合從(合縱)之說。聯六國抗秦。說趙竟佩六國相印。
第 16 籤,16,中籤卯宮,葉夢熊朝帝,愁眉思慮暫時開，啓出雲霄喜自來；宛如糞土中藏玉，良工薦舉出塵埃。,此卦陰陽和合之象，凡所謀皆吉也。,得處無失 損中有益 小人逢兇 君子順吉,"自身秋冬吉　公訟不利　交易成　尋人見
家宅不利　移徙守舊　婚姻成　失物阻
六甲虛驚　疾病作福　行人至　山墳安
田蠶祈福　求財成　六畜平",葉夢熊朝帝。明朝。葉夢熊嘉靖年進士。爲人有膽識。忠貞愛國。萬曆年間。邊疆地帶有寇作亂。可未有將領敢前往平亂。葉上朝晉見神宗皇帝。求領兵討伐邊寇。爲國效力。
第 17 籤,17,中籤卯宮,話梅止渴,莫聽閒言說是非，晨昏只好念彌陀；若將狂話爲真實，畫餅如何止得飢。,此卦畫餅充飢之象，諸事多虛少實也。,心中不定 枉看經文 恰似畫餅 食也難吞,"家宅祈福　六畜不利　疾病還願　行人遲
自身順利　公訟宜和　交易慢　尋人見
求財順利　移徙守舊　婚姻阻　山墳吉
田蠶宜早　失物不見　六甲安",話梅止渴。三國。曹操領兵。敗季缺水。兵卒口渴。曹曰前有一默林。到那當可喫梅解渴。兵卒聽了口水直流。便不覺得口渴。望梅止渴出此典故。與畫餅充飢同一意。
第 18 籤,18,上籤卯宮,曹國舅爲仙,金烏西墜兔東昇，日夜循環至古今；僧道得知無不利，士農工商各從心。,此卦陰陽消長之象，凡事遂意之兆也。,心中無事 所作有功 如弓上箭 一發當空,"田蠶早種　疾病拜送　求財順　行人至
六畜欠利　山墳大吉　交易成　尋人至
公訟有理　家宅安　婚姻合　移徙吉
失物遲見　自身吉　六甲男",曹國舅爲仙。八仙之一。宋朝曹太后之弟。不守王法。後感恥辱。於是散盡家財。賙濟窮人，入終南山修道。遇鍾離權及呂洞賓。引入仙班。手持玉簫爲其標誌。
第 19 籤,19,中籤辰宮,子儀封王,急水灘頭放船歸，風波作浪欲何爲；若要安然求穩靜，等待浪靜道此危。,此卦船行急灘之象，凡事守舊待時也。,急水下船 險處待時 若問營謀 儘可施爲,"家宅作福　婚姻不就　疾病祈福　尋人難
自身作福　六甲虛驚　行人至　公訟和
求財未成　移徙守舊　田蠶吉　山墳吉
交易未成　失物難尋　六畜損",子儀封王。子儀唐朝大將軍。平安祿山和史思明之亂。歷七帝。唐肅宗拜爲大元帥。封爲汾陽郡王。剛八十歲。知有敵侵犯。郭子儀即披掛上陣。建中二年郭子儀八十五歲因病壽終正寢。
第 20 籤,20,中籤辰宮,姜太公遇文王,當春久雨喜開晴，玉兔金烏漸漸明；舊事消散新事遂，看看一跳過龍門。,此卦久雨初明之象，凡事遂意也。,神佛護持 有災無危 途生平安 到底榮歸,"家宅中平　婚姻隨意　行人阻　公訟和
自身祈福　疾病禳星　田蠶阻　移徙吉
求財未遇　山墳舊吉　六畜阻　失物見
交易待時　六甲女　尋人遲",姜太公遇文王。周。姜尚。字子牙。汲人(東海許州人)。道號飛熊。先世封於呂。亦曰呂望。避紂亂居東海之濱。釣於磻溪(渭水)。其鉤爲直。意不在魚。志在君相。文王聞其賢。聘爲師(丞相)(其時年八十)。後周伐紂。滅商興周。武王稱曰尚父。封其子丁公於齊。
第 21 籤,21,上籤辰宮,李旦龍鳳配合,陰陽道合總由天，女嫁男婚喜偎然；但見龍蛇相會合，熏熏入夢喜團圓。,此卦陰陽道合之象，凡事和合大吉也。,謀望從心 婚姻孕男 資財進益 更利田蠶,"疾病遇良方　山墳大吉　交易成　田蠶興
公訟有理　家宅安　婚姻合　六畜興
移徙昌盛　自身利　六甲男　尋人見
失物得見　求財有　行人至",李旦龍鳳配合。李旦爲唐睿宗。武則天登基。皇帝貶作平民。流落鄉間。巧與胡鳳姣相遇。結爲夫婦。民間傳說他們二人手上各有半個從胎帶取出的方印。經鬥印證明他們能合一。龍指睿宗。喻婚姻由天也。
第 22 籤,22,中籤巳宮,六郎逢救,旱時田裏皆枯槁，謝天甘雨落淋淋；花果草木皆潤澤，始知一雨值千金。,此卦旱逢甘雨之象，凡事難中有救也。,田蠶倍熟 命運漸來 病遇良藥 行人便回,"家宅祈保　失物西方　交易遲　六畜利
求財頗有　疾病歿送　婚姻合　尋人難
行人有阻　山墳安吉　六甲女　公訟虧
移徙守舊　自身安　田蠶利",六郎逢救。楊延昭爲楊業之六子。稱六郎。楊業統率三軍。被番邦圍困。楊業頭撞李陵碑而亡。楊七郎討救兵被箭射死。六郎撤退至葫蘆谷。得五臺山和尚(楊五郎)相救出險。喻及時雨也。
第 23 籤,23,中籤巳宮,懷德招親,欲扳仙桂入蟾宮，豈慮天門不任君；忽遇一般音信好，人人歡笑領頂花。,此卦手扳仙桂之象，凡事必有貴人也。,商賈利益 行藏有危 病安訟遂 儘可施爲,"家宅欠安　行人有危　山墳舊吉　尋人難
自身作福　田蠶不利　交易合　公訟虧
求財遂意　六畜不利　婚姻阻　疾病安
六甲作福　移徙欠吉",懷德招親。高懷德乃北宋開國功臣。陳橋兵變。皇袍加身。高懷德擁趙匡胤做皇帝。又娶宋太祖趙匡胤之妹。燕國公主爲妻。官封駙馬都尉。後領兵與楊家將同徵遼國。
第 24 籤,24,下籤巳宮,殷郊遇師,不成理論不成家，水性癡人似落花；若問君恩須得力，到頭方見事如麻。,此卦癡人道塞之象，凡事守舊待時也。,是非莫說 必須仔細 心正理直 方免災危,"疾病急求神　田蠶多災　自身險　尋人阻
家宅不安　六畜多災　求財阻　公訟虧
婚姻待時　失物難見　交易難　移徙吉
六甲祈福　山墳不吉　行人阻",殷郊遇師。(封神榜)殷郊是商朝紂王之子。拜廣成子爲師。三年後學得法術。下山時曾向廣成子宣誓。不幫紂王幹壞事。要助周文王。然而。在投靠文王的半途中。受人唆使回家協助紂王。師父往勸。師徒大打出手。後姜子牙合燃燈道人。把殷郊夾於兩山之間。被廣成子鏟死。以應其誓。
第 25 籤,25,中籤巳宮,李廣機智,過了憂危事幾重，從今再立永無空；寬心自有寬心計，得遇高人立大功。,此卦古井逢泉之象，凡事貴人成就也。,訟終有理 病得安全 出入求謀 古井逢泉,"家宅平平　婚姻和合　六畜不利　失物難尋
自身阻滯　六甲有險　尋人阻隔　疾病祈福
求財阻滯　行人阻隔　公訟有理　山墳不安
交易阻滯　田蠶不利　移徙不合",李廣機智。李廣是漢代的武將。勇敢善戰善於騎箭。漢文帝時。李廣領軍攻打匈奴。經過一場激烈的戰鬥。李廣的人馬被打散，李廣也受了重傷，被匈奴兵俘虜。匈奴兵把他放在兩匹馬馱着繩子織成的吊牀裏。想把他送到單于的大營去。李廣躺在那張吊牀上動也不動，真的像死了似的。大約走了十幾裏地，他瞅準旁邊一個匈奴兵騎的一匹好馬。使勁一掙扎，猛地跳上馬奪了弓箭。把那匈奴兵推下馬去。調過馬頭拼命往南飛奔。匈奴派了幾百名騎兵追趕。李廣一面催馬快跑。一面迴轉身來。拈弓搭箭。一連射死了幾個追在前面的匈奴兵。匈奴兵只好瞪着白眼讓他跑了。李廣終於脫了險。李廣雖脫險。因他損兵折將，被判死罪。漢朝有一條規矩，罪人可以拿錢贖罪。李廣繳了一筆錢贖了罪，回家做了平民。過了不久，匈奴又在邊境騷擾，漢武帝重新起用李廣，擔任右北平郡（遼寧凌源西南）太守。這是後話。
第 26 籤,26,中籤巳宮,鍾馗得道,上下傳來事轉虛，天邊接得一封書；書中許我功名遂，直到終時亦是虛。,此卦虛名之象，凡事虛多少實宜守舊也。,上下心煩 求閒不閒 慾望功名 守舊得安,"家宅祈福　田蠶半熟　失物難尋　六甲女
交易不成　六畜可養　疾病祈保　公訟虧
婚姻不成　尋人西方　自身安　山墳吉
行人有信　移徙守舊　求財阻",鍾馗得道。姓鍾名馗。字正南。中南山人氏。唐時人。上京赴考。得狀元。但相醜。豹頭環眼。鐵面虯鬚。唐德宗見怕。欲取消其名銜。宰相盧杞附和。鍾馗打盧杞。德宗命拿鍾馗。鍾馗奪劍自殺。陸贄進諫。封爲驅魔大神。鍾馗以爲鬼魔必在地府。遂往斬之。閻君曰：大凡人鬼之分只在方寸間，心正之鬼可爲神，心歪之人即爲鬼。姓鍾大悟。陰間鬼魅有十殿閻君經理。遂返陽間斬妖除魔。成了捉鬼大王。
第 27 籤,27,中籤午宮,劉基諫主,一謀一用一番書，慮後思前不敢爲；時到貴人相助力，如山壁立可安居。,此卦屋好牆壁之象，凡事穩當無險也。,改舊成新 寒花遇春 從前阻滯 今得稱心,"山墳守舊大吉　家宅安　婚姻阻　六畜利
公訟宜和　自身吉　六甲女　尋人遲
失物無蹤　求財有　行人遲　移徙吉
疾病延安　交易難　田蠶熟",劉基諫主。明朝。青田人。字伯溫。通經史。工詩文。精天文兵法。爲軍師佐朱元璋統一天下。時元璋在應天。韓林兒朱揀領兵在安豐。被張士成軍隊圍攻。元璋要親自領兵去解除安豐危困。劉基急來勸阻。判斷此去必敗。如劉基所料。元璋被困。幸有將軍徐達及常遇春相救。才得脫險。
第 28 籤,28,中籤午宮,李後尋包公,東邊月上正蟬娟，頃刻雲遮亦暗存；或有圓時還有缺，更言非者亦閒言。,此卦月被雲遮之象，凡事昏迷未定也。,浮雲遮月 不須疑惑 等待雲收 便見收穫,"家宅不安　田蠶不利　疾病難痊　尋人難
自身祈保　六畜不利　求財阻　公訟虧
婚姻不合　移徙守舊　交易吉　山墳改
六甲有驚　失物西方　行人滯",李後尋包公。（朝野史）宋李後。爲劉後與奸佞郭槐所害。李後所懷太子生後被換狸貓。李後乃宋真宗妃。給劉妃陷害。把狸貓剝皮去尾。調換太子。李後被打入天牢。劉後又迫害李後。李後逃出天牢後乞食。哭泣至失明。包公審此案。夜審郭槐。尋回李後。真相大白。
第 29 籤,29,中籤午宮,趙子龍救阿斗,寶劍出匣耀光明，在匣全然不惹塵；今得貴人攜出現，有威有勢衆人欽。,此卦寶劍出匣之象，凡事有威有勢也。,寶劍出匣 光輝萬里 貴人指引 無不觀美,"疾病還舊願　自身吉　六甲女　公訟和
家宅祈福　求財利　行人滯　移徙興
田蠶宜早　交易成　六畜損　山墳吉
失物南方　婚姻好　尋人見",三國。趙雲。字子龍。常山人。爲劉備的猛將。時曹操欲下江南。先攻先主劉備於莘野。先主走樊城。覆敗於當陽。家眷失散。子龍於土牆下遇縻夫人。夫人將子阿斗託雲。雲將馬授夫人。夫人不肯授。投井而死。雲哭埋畢。懷抱阿斗。殺死曹軍十多員大將。衝出重圍。遇張飛在長板坡接應。救出了阿斗。
第 30 籤,30,中籤午宮,棋盤大會,勸君切莫向他求，似鶴飛來暗箭投；若去採薪蛇在草，恐遭毒口也憂愁。,此卦安份守己之象，凡事小心謹防也。,閉口合齒 他事莫理 若有虧心 到頭害己,"自身平平　行人阻隔　公訟莫興　山墳大吉
求財待時　田蠶不利　移徙守舊　家宅安
婚姻未許　六畜不利　失物不見　交易滯
六甲虛驚　尋人阻隔　疾病難痊",棋盤大會。唐太宗時。薛仁貴西征被困於西唐。二路元帥仁貴之子薛丁山與其母柳氏金定其妹薛金蓮和程咬金前往救。至棋盤山。竇一虎劫薛軍的糧不果。匪妹竇仙童迎戰並擒丁山。程咬金做媒。兩對兄妹結爲夫婦。皆大歡喜。同往救薛仁貴之困。喻冤家變親家。賊匪從良。
第 31 籤,31,中籤未宮,佛印會東坡,清閒無憂靜處坐，飽後喝茶時坐臥；放下身心不用忙，必定不招冤與禍。,此卦守舊安然之象，凡事時待時則吉也。,守舊安然 叩問神仙 直待時來 事亦偶然,"家宅祈保　疾病歿送　行人至　移徙吉
求財守待　自身安　六畜穩　失物虛
交易宜遲　婚姻合　尋人難　山墳吉
田蠶秋熟　六甲女　公訟和",佛印姓謝名端卿。表字覺老。江西饒州府浮樑縣人氏。因應舉至京。宋神宗因天旱求雨。往大相國寺臨壇。謝端卿欲瞻龍顏。東坡允其充作侍者。神宗見捧茶侍者慌忙。問其出處。端卿巧答。皇帝大悅。賜名了元。號佛印。即時披剃爲僧。端卿無奈成爲和尚。喻人莫無事生事。做事勿慌忙。否則生禍。正文在下（警世恆言十二卷）。謝端卿被逼成爲和尚。蘇東坡欲以美女色誘佛印。使其還俗。趁佛印酒醉。逼琴娘陪寢。佛印不爲所動。並常以佛理曉悟東坡。東坡終成正果。有詩曰。東坡不能化佛印。佛印反得化東坡。若非佛力無邊大。那得慈航渡愛河。(愛河指東坡之情慾。其有七位妻妾。)
第 32 籤,32,中籤未宮,劉備求賢,前程杳杳定無疑，石中藏玉有誰知；一朝良匠分明剖，始覺安然碧玉期。,此卦剖石見玉之象，凡事着力成功也。,寶在石中 異人少知 直待分明 儘可施爲,"山墳改向吉　失物西方　婚姻成　尋人見
家宅平平　疾病欠安　六甲虛　公訟驚
求財勞力　自身安　行人杳　移徙改
田蠶晚成　交易阻　六畜旺",劉備求賢（三顧草廬）。三國時。諸葛亮。字孔明。漢末避居南陽。諸葛亮隱居於隆中之茅屋。志學清修。養生之道。研究奇明門遁法。天文術數。卦算韜略。無所不精。初不求聞達於諸侯。後徐庶薦於劉備。先主劉備與關張三往問計。延爲軍師。先主即位。拜丞相。受以託孤。後主封爲武卿侯。諭有寶心安。得意遲早。靜待時機。不請自來。
第 33 籤,33,中籤未宮,咬金聘仁貴,內藏無價寶和珍，得玉何須外界尋；不如等待高人識，寬心猶且更寬心。,此卦藏玉外覓之象，凡事待時可也。,內藏金玉 何必外尋 遇貴指引 不須勞心,"疾病遇良醫　失物北方　婚姻就　尋人勞
家宅祈保　山墳宜改　六甲男　公訟擱
求財守待　自身安　行人阻　移徙吉
田蠶半熟　交易遲　六畜旺",薛仁貴于山上午睡。突見程咬金路過被虎追。仁貴打虎。救了咬金。程咬金給令箭一枝。着仁貴投軍。薛仁貴後成唐朝名將。程咬金爲唐之開國功臣。喻有寶之人。終有出頭之日。
第 34 籤,34,中籤未宮,桃園結義,行藏出入禮義恭，言必忠良信必聰；心不了然且靜澈，光明紅日正當空。,此卦紅日當空正照之象，凡事遂意也。,心中無事 秋水澄清 不須疑惑 事自然成,"家宅清吉　疾病歿送　交易難　尋人滯
六甲有險　山墳大吉　婚姻合　公訟虧
田蠶不利　自身安　行人阻　失物虛
移徙守舊　求財虛　六畜衰",漢獻帝時。天下混亂。盜賊蜂起。劉備（皇室宗親劉備）。關羽（關雲長家住山西蒲州）。張飛（翼德，市場裏賣豬肉的張飛）三人志同道合。在張飛家的桃園結拜爲義兄弟。劉備爲始。關羽次之。張飛爲弟。宰牛馬昭告天地。結義匡扶漢室。三人誓說。同心協力。扶危救困。上報國家。下濟黎庶。後來三顧茅廬，禮請諸葛亮下山輔佐中興漢室。從此嶄露頭角，劉、關、張、三兄弟名留青史。
第 35 籤,35,中籤申宮,唐僧取經,衣冠重整舊家風，道是無穹卻有功；掃卻當途荊棘刺，三人約議再和同。,此卦衣冠重整之象，凡事先難後易也。,不用憂疑 自有佳期 若問前程 前路可宜,"田蠶不利　山墳宜舊　交易利　六畜興
公訟有理　家宅亂　婚姻阻　尋人至
失物遲見　自身吉　六甲驚　移徙安
疾病祈福　求財好　行人至",唐三藏信姓陳名禕。十三歲出家。法號玄奘。往天竺(印度)取經。歷盡艱辛。四年始達。學習十五年後返國。攜回大量佛經。並譯成中文。西遊記內述其故事。
第 36 籤,36,中籤申宮,湘子遇賓,眼前病訟不須憂，滿地資財儘可求；恰似猿猴金鎖脫，自歸山洞去來遊。,此卦猿猴脫鎖之象，凡事先難後易也。,脫除了事 且自寬心 待得時來 堪尋正路,"家宅不安　六甲祈保　自身安　移徙吉
求財大利　田蠶十足　行人至　失物遠
交易待時　公訟有理　六畜平　山墳吉
婚姻未成　疾病欠安　尋人至",湘子遇賓。韓湘子和呂洞賓都是八仙。韓湘子其標誌爲手持花籃。韓湘子唐朝詩人。字若雲。湘祖名仲卿。父名會。爲韓愈之侄。韓湘子好飲酒。自少學道。被洞賓引渡同入山修道登仙。號瑤華帝君。
第 37 籤,37,中籤申宮,李靖歸山,欲待身安運泰時，風中燈燭不相宜；不如收拾深堂坐，庶免光搖靜處明。,這個卦風搖燈燭之象，凡事守常則吉也。,靜處安身 待命守時 動惹非福 守舊無疑,家宅守舊    行人有信   山墳勿改    六畜安    自身平平   田蠶秋熟    求財有    尋人見   婚姻不合    移徙守舊    交易難   公訟和    六甲祈保    疾病禳星,李靖歸山。托塔天王李靖。為封神榜人物。塔能鎮魔。李靖父子(哪吒)協姜子牙伐紂興週。周武王立國初論功行賞。李靖父子不戀世間的功名得祿。辭賞歸山修道。後父​​子七人都是肉身成聖。喻風雲(名利)與燭光(修道)不相合。欲要得道。須棄名利。兩者不可兼得。
第 38 籤,38,下籤申宮,何文秀遇難,月照天書靜處期，忽遭雲霧又昏迷；寬心祈待雲霞散，此時更改好施爲。,此卦雲霧遮月之象，凡事未遂守舊也。,家道憂兇 人口有災 祈福保慶 猶恐破財,"家宅不安　六甲虛驚　行人阻　公訟和
自身祈保　疾病延安　田蠶損　移徙安
交易待時　山墳宜修　六畜損　失物虛
婚姻難合　求財難　尋人遇",何文秀遇難。窮書生何文秀琅琅書聲。感動了富家女王瓊珍。吹簫與之相和。兩人相愛出奔海寧。何文秀被陷入獄。王瓊珍剪髮改容。歷盡艱辛。終成眷屬。（玉釵記）
第 39 籤,39,下籤酉宮,姜女尋夫,天邊消息實難思，切莫多心望強求；若把石頭磨作鏡，曾知枉費己工夫。,此卦守常安靜之象，凡事守己則吉也。,千般用計 枉費功夫 不如守舊 着甚來由,"疾病歿送安　山墳大吉　行人動　公訟虧
自身提防　家宅安　田蠶利　移徙平
求財平平　交易阻　六畜損　失物空
婚姻不合　六甲女　尋人難",姜女尋夫。野史。秦。孟姜女。夫範杞郎(萬喜良)。新婚奉命作長城之役。姜女往尋之。及至。知夫已死。欲尋骸骨歸葬。神爲指處咬指出血。點認夫骨。號慟大哭。長城爲之崩。婦人守節。自孟女始。
第 40 籤,40,中籤酉宮,武則天登位,紅輪西墜兔東昇，陰長陽消百事亭；若是女人宜望用，增添財祿福其心。,此卦陰長陽消之象，凡事先難後易也。,陰利女人 不宜男子 若是求謀 先兇後吉,"家宅不利　移徙大吉　六甲虛　尋人隔
自身祈福　疾病有驚　行人阻　公訟虧
求財守待　山墳大吉　田蠶旺　失物空
婚姻不合　交易吉　六畜旺",武則天登位。武則天本唐太宗之妃。高宗即位。成爲皇后。高宗逝世。上朝攝政。後自立則天皇帝。改國號曰周。執政十五年。頗多建樹。以八十二歲高齡退位。但手段卑劣。
第 41 籤,41,中籤酉宮,董卓收呂布,無限好言君記取，卻爲認賊將作子；莫貪眼下有些甜，更慮他年前樣思。,此卦認賊作子之象，凡事認真防假。,只這一着 君子莫錯 牢記在心 不生寂寞,"家宅不安　六甲男驚　疾病禳星　行人至
自身平常　田蠶半熟　山墳中平　六畜安
求財守待　公訟宜和　交易難　尋人至
婚姻未合　移徙祈保",董卓收呂布。三國演義。梟雄董卓。以良馬和金錢收賣呂布。又認呂布爲義子。後呂布私通董卓愛妾貂蟬。二人交惡。呂布與王允共謀殺董卓。並勸王允盡誅董卓部屬。後呂布敗於曹操。被曹操擒殺。
第 42 籤,42,上籤酉宮,目蓮救母,君皇聖後總爲恩，復待祈禳無損增；一切有情皆受用，人間天上得期亨。,此卦天垂恩澤之象，凡事成就大吉也。,天皇降恩 始終莫忘 晨昏禮佛 可宜燒香,"家宅祈福　六甲平安　交易成　失物空
自身冬吉　田蠶中平　行人動　疾病解
求財未有　六畜中平　尋人見　山墳安
婚姻中吉　移徙守舊　公訟勝",目蓮是佛門的尊者。有神通。他的母親作惡多端。死後在地獄的餓鬼道受苦。目蓮設法救度其母。求助於佛祖。佛祖唯有叫目蓮設盂蘭盆會。供養十方僧侶。並由諸天菩薩施法。目連照着佛祖的指示去做。終於解救自己的母親。並普渡了別人的父母親。由是農曆七月十五爲盂蘭盆節。佛教稱爲「盂蘭盆」法會。後演變爲中元普渡。
第 43 籤,43,上籤戌宮,行者得道,天地變通萬物全，自營自養自安然；生羅萬象皆精彩，事事如心謝聖賢。,此卦大地交泰之象，凡事大吉無危也。,天生萬物 謀望皆通 福德相助 瑞氣匆匆,"山墳東西吉　失物東西　求財有　尋人見
行人有阻　疾病禳星　交易利　公訟勝
田蠶中平　家宅吉　婚姻合　移徙利
六畜中平　自身安　六甲男",行者得道。西遊記載。行者本爲花果山猴王。訪求仙法。拜須菩提祖師作師父。祖師賜姓孫。法名悟空。歷七年也不知何者爲道。祖師打悟空頭三下又倒揹着手。悟空明白打三下即三更時份。倒揹着手指從後門授道。於是祖師授悟空長生之道。又過三年。更修得七十二變。離家二十年後。返回花果山。
第 44 籤,44,中籤戌宮,姜維鄧艾鬥陣,棋逢敵手着相宜，黑白盤中未決時；皆因一着知勝敗，須教自有好推宜。,此卦棋逢敵手之象，凡事用機關則吉也。,欲求心事 恰如圍棋 到底勝利 宜用心機,"家宅大利　移徙守舊　交易利　六畜損
自身平穩　疾病祈保　六甲女　尋人阻
婚姻未合　山墳守舊　行人阻　失物空
公訟宜和　求財遂　田蠶平",姜維鄧艾鬥陣。三國時。姜維(蜀)與鄧艾(魏)會師祈山。二人皆擺八卦陣。姜維又擺長蛇陣。鄧艾被困。得司馬望救出。喻世事如棋。一子莫錯。
第 45 籤,45,上籤戌宮,仁宗認母,溫柔自古勝剛強，積善之門大吉昌；若是有人佔此卦，宛如正渴遇瓊漿。,此卦積善溫柔之象，凡事貴人和合也。,天地有感 應驗非常 佛神護佑 得之莫忘,"山墳東西吉　疾病祈福　交易利　尋人見
田蠶秋利　家宅吉　婚姻合　公訟勝
六畜中平　自身安　六甲男　移徙利
失物東方　求財遂　行人阻",仁宗認母。宋李後。爲劉後與奸佞郭槐所害。李後所懷太子生後被換狸貓。李後乃宋真宗妃。給劉妃陷害。把狸貓剝皮去尾。調換太子。李後被打入天牢。劉後又迫害李後。李後逃出天牢後乞食。哭泣至失明。包公審此案。夜審郭槐。真相大白。仁宗皇帝在八王爺等安排下，擺起輦駕，親自到破窯皇帝母子相會迎回親孃。每天焚香禱告，祈求上天爲母親賜福。不久，李太后的眼睛果然又重見光明。
第 46 籤,46,中籤戌宮,渭水釣魚,勸君耐守舊生涯，把定心腸勿起歹；直待有人輕着力，枯枝老樹再生花。,此卦枯木生花之象，凡事自有成就也。,守舊守舊 事自成就 動則多殃 靜則無咎,"求財待時　疾病求福　婚姻就　公訟吉
六甲生女　家宅安　行人阻　失物空
田蠶五分　自身吉　六畜難　山墳吉
移徙守舊　交易成　尋人杳",渭水釣魚。周。姜尚。字子牙。汲人(東海許州人)。道號飛熊。先世封於呂。亦曰呂望。避紂亂居東海之濱。釣於磻溪(渭水)。其鉤爲直。意不在魚。志在君相。文王聞其賢。聘爲師(丞相)(其時年八十)。後周伐紂。滅商興周。武王稱曰尚父。封其子丁公於齊。喻靜待時機也。
第 47 籤,47,上籤亥宮,梁灝登科,錦上添花色愈鮮，運來祿馬喜雙全；時人莫恨功名晚，一舉登科四海傳。,此卦錦上添花之象，凡事大吉大利也。,守舊變新 運至功成 遂平生志 盡皆是命,"家宅祈保　失物西北　交易阻　尋人至
六甲生男　疾病作福　婚姻合　移徙吉
田蠶八分　自身安　行人遲　山墳利
公訟宜和　求財利　六畜平",梁灝登科。宋朝。書生梁灝字太素。山東人氏。雍熙年間。十八歲考得進士。繼續投考未遂。至八十老齡才一舉登科。狀元及第。
第 48 籤,48,中籤亥宮,韓信掛帥,昆鳥秋來化作鵬，好遊快樂喜飛騰；翱翔萬里雲霄去，餘外諸禽總不能。,此卦昆鵬興變之象，凡事有變動大吉。,昆鳥化鵬 萬禽不能 桂香一折 福祿自增,"求財秋旺　六畜春利　自身吉　公訟勝
婚姻不合　移徙守舊　交易遲　失物西
行人阻滯　疾病祈保　六甲安　山墳安
田蠶中平　家宅利　尋人見",韓信掛帥。韓信。淮陰人。時漢王燒絕棧道。部下將士逃亡甚多。其時。信歸漢逃去。何知之。連夜追信回。翌日王知。怒曰將士逃亡過半。不聞丞相有所追。獨追信。何也。何曰大王如無意東伐。固罷。若與楚爭天下。非信莫當其任。乃拜信爲大將。佐漢高帝定天下。虜魏。破趙。降燕。下齊。滅楚。建十大功勳。初封楚王。
第 49 籤,49,中籤亥宮,王祥求鯉,天寒地凍水成冰，何須貪吝取功名；只好守己靜處坐，待時興變自然明。,此卦水結成冰之象，凡事不用枉求也。,水結成冰 冰消成水 若是營謀 到底如是,"家宅不安　疾病難痊　六甲險　尋人見
自身祈保　山墳大吉　行人遲　公訟和
婚姻不合　求財難　田蠶虧　失物空
移徙守舊　交易阻　六畜損",王祥求鯉。晉。王祥字伏徵。臨沂人。性至孝。事繼母極恭。謹母欲食生魚。天寒冰凍。祥赤身臥於冰上。求之。其冰立解。得雙鯉。持歸。人以爲孝感雲。後官至太保。進公爵。(廿四孝)
第 50 籤,50,中籤亥宮,陶朱歸五湖,五湖四海任君行，高掛帆蓬自在撐；若得順風隨即至，滿船寶貝喜層層。,此卦順風撐船之象，凡事皆順大吉也。,自在休悠 不須着力 財祿重重 無不欣美,"求財利西　六畜春旺　家宅利　尋人至
交易宜遲　移徙守舊　自身吉　公訟虧
婚姻不合　失物西方　六甲安　疾病解
田蠶秋利　山墳南利　行人阻",陶朱歸五湖。(范蠡歸湖)春秋。范蠡。字少伯。吳人。與文種同爲越大夫。吳滅越。蠡與種。爲越王勾踐畫策。卑詞請成。復求民間美女。得西施進於吳。迨滅吳。功成。蠡知勾踐可與同患難。不可共安樂。乃辭官。扁舟泛五湖。止於陶。復以謀生致富。稱陶朱公。凡三徙。方成名。後不知所終。
第 51 籤,51,上籤子宮,孔明入川,夏日炎天日最長，人人愁熱悶非常；天地也解知人意，薰風拂拂自然涼。,此卦人人愁熱之象，凡事隨心從意也。,進退莫疑 自有佳期 營謀用度 不須妄爲,"家宅祈福　六甲生男　行人動　公訟吉
自身謹防　失物北方　田蠶損　移徙舊
求財秋吉　疾病還願　六畜平　山墳吉
交易平常　婚姻合　尋人見",孔明入川。劉備缺地盤。時益州的劉璋。被北方的張魯攻打。想到劉備與他同姓同宗。就讓劉備入益州同抗張魯。孔明隨劉備入益州。詳察地勢。西川一帶。地形險要可攻可守。經孔明多方佈置。西川就成了劉備發源地。
第 52 籤,52,中籤子宮,太白醉撈明月,水中撈月費功夫，費盡功夫卻又無；莫說閒言並亂語，枉勞心力強身孤。,此卦貪求費力之象，凡事勞心費力也,言語難思 費力勞心 宅中憂惱 待遇貴人,"家宅不安　六甲祈保　疾病祈保　公訟和
自身欠吉　行人有災　交易難　失物空
求財中平　田蠶五分　六畜衰　山墳吉
婚姻未就　移徙平常　尋人兇",太白醉撈明月。唐朝詩人。自曰謫仙。被稱詩仙。無酒不歡。醉酒到湖邊。見月在水中。欲抱之。溺斃。年六十二歲。有人見飛來一鯨。上面騎一位白衣仙人。飛到月宮去。
第 53 籤,53,中籤子宮,劉備招親,失意反成得意時，龍呤虎嘯兩相宜；青天自有通霄路，許我功名再有期。,此卦龍吟虎嘯之象，凡事順意有望也。,教去即去 教住即住 自有亨通 到頭必利,"家宅不安　六甲祈保　六畜損　失物見
自身欠吉　田蠶五分　尋人至　疾病安
求財中平　交易難　公訟和　山墳吉
婚姻成就　行人至　移徙吉",劉備招親。劉玄德。即西蜀先主也。爲荊州牧時。甘夫人(劉備妻)新喪。東吳孫權聞知。詐以妹招贅欲賺(軟禁)其人。吳索討荊州。孔明料知。乃授趙雲錦囊計。保先主入東江招親。意弄假成真。娶孫夫人以歸焉。有曰：周郎妙計高天下。賠了夫人又折兵。
第 54 籤,54,下籤子宮,馬超追曹,夢中得寶醒來無，自謂南山只是鋤；若問婚姻並問病，別尋條路爲相扶。,此卦夢中得寶之象，凡事枉費心力也。,物在水中 形影長短 皆有分定 不用商量,"家宅欠安　疾病求神　行人遲　公訟虧
自身謹防　山墳不安　田蠶滯　移徙吉
婚姻待時　求財阻　六畜滯　失物空
六甲祈保　交易難　尋人見",馬超追曹。三國時。曹操殺馬超之父。馬超攻曹操。曹操大敗。曹操脫下錦衣。割短了鬍鬚。騎馬逃竄。得曹洪相救。曹操得以保命。
第 55 籤,55,中籤丑宮,周武王登位,父賢傳子子傳孫，衣食豐隆只靠天；堂上椿萱人快樂，飢飯渴飲困時眠。,此卦接竹引泉之象，凡事謀望大吉也。,接竹引泉 流傳不絕 君子謀望 無不欣悅,"公訟有貴人　疾病禳星　行人動　移徙吉
家宅欠安　求財利　田蠶吉　失物見
自身還願　交易成　六畜損　山墳安
六甲平安　婚姻合　尋人難",周武王伐紂。八百諸侯戰商軍。朝歌兵卒倒戈相向。紂王於摘星樓上自焚。商朝滅亡。武王受冊寶。即天子位。面南垂拱端坐。武王命散鹿臺之財。拆毀摘星樓。發巨橋之粟。釋箕子之囚。封比干之墓。式商容之閭。放內宮之人。又偃武修文。歸馬於南山之陽。放牛於桃林之野。一片安樂景象。
第 56 籤,56,中籤丑宮,祿山謀反,灘小石溪流水響，清風明月貴人忙；路須借問何方去，莫取林中花草香。,此卦船行小灘之象，凡事有貴人助也。,營謀用事 勞心費力 守舊待時 凡事大吉,"求財中平　疾病即安　交易利　尋人至
婚姻遂意　山墳宜修　六甲男　移徙吉
田蠶秋利　家宅安　行人至　失物滯
公訟有理　自身吉　六畜損",祿山謀反。營州柳城。胡人。本姓康。字軋犖山。後冒姓安。更名祿山。唐玄宗時。安祿山爲節度使。與楊貴妃友好。與楊國忠有隙。于山西舉兵謀反。攻打洛陽。又陷潼關。改國號燕。皇帝西逃至四川(蜀)。安祿山於長安燒殺搶掠。後被自己之子所殺。
第 57 籤,57,中籤丑宮,董仲尋親,說是說非風過耳，好衣好祿自然豐；君莫記取當年事，汝意還如我意同。,此卦孩兒見母之象，諸事貴人大吉也。,所用謀望 皆大歡喜 從公用力 如子逢娘,"家宅不安　疾病祈福　六甲女　尋人難
自身平平　求財順　行人阻　失物空
公訟宜和　交易成　田蠶就　山墳吉
移徙守舊　婚姻合　六畜損",董仲尋親。董仲是漢朝董永之子。爲天上仙女下凡與董永結合所生。董仲學得仙法會飛天。董仲欲尋母。至太白山找。於七月七日仙女出現。終見其母。董永遇仙故事見第三籤【董永遇仙】
第 58 籤,58,中籤丑宮,文王問卜,直言說話君須記，莫在他鄉求別藝；切須守己舊生涯，除此其餘都不利。,此卦守舊待時之象，凡事守舊則吉也。,得住且住 可取且踞 莫宜別事 只宜守舊,"家宅平常　疾病欠安　婚姻阻　尋人見
自身不利　山墳宜改　六甲驚　公訟虧
田蠶五分　求財吉　行人遲　失物兇
移徙守舊　交易成　六畜損",文王問卜。周文王善卜卦。紂王召見。文王卜之不吉。必有七年之厄。嚴命其長子依舊法治岐。切莫往外。文王果被紂王軟禁於羑里。後其子往救其父被殺。皆因忘父命離鄉也。文王於羑里從舊藝。編修易經。故文王也是易經作者之一也。(另二位作者是同公與孔子)
第 59 籤,59,中籤寅宮,張良隱山,直上重樓去藏身，四圍荊棘繞爲林；天高君命長和短，得一反成失二人。,此卦守舊隨時之象，凡事待時則吉。,如醉飲酒 只宜守舊 直待時來 無災無咎,"家宅祈福　田蠶半吉　交易成　移徙吉
求財平常　六畜大利　行人至　失物兇
婚姻不合　疾病祈福　尋人阻　山墳吉
六甲作福　自身安　公訟虧",張良隱山。漢。張良。字子房。張良佐劉邦取天下打敗西楚霸王項羽。建立了漢朝。張良知道劉邦此人在打仗時稱兄弟道弟。非常友善。可是得了天下就要殺功臣。變成個暴瘣的皇帝。爲保存性命。功成謝絕人事。他立即隱退不知所蹤。據傳與赤松子仙人遊山玩水去。
第 60 籤,60,下籤寅宮,赤壁鏖兵,抱薪救火大皆燃，燒遍三千亦復然；若問榮華並出入，不如收拾枉勞心。,此卦抱薪救火之象，凡事亦自謹防也。,有千般計 不如莫動 一旦相惹 恐禍歸身,"自身祈保　田蠶不利　家宅兇　尋人杳
求財微微　失物西方　六甲險　公訟虧
交易不合　疾病有驚　行人滯　移徙吉
婚姻不合　山墳平平　六畜損",赤壁鏖兵。三國時。曹操大軍進駐赤壁岸邊。孫權將周瑜。苦無良策破曹軍。聯劉備軍抗曹。孔明祭借東風。黃蓋引火燒連環船。二軍激戰。一片火海。曹軍大敗。史稱赤壁之戰。(鏖指燒殺)
第 61 籤,61,中籤寅宮,蘇小妹難夫,日上吟詩月下歌，逢場作戲笑呵呵；相逢會遇難藏避，唱彩齊唱連理羅。,此卦守舊隨時之象，凡事時吉利也。,佳人在屋 吟唱詩曲 一片歡心 命中禍福,"疾病即痊癒　自身吉　六甲女　尋人至
公訟有理　求財順　行人至　移徙吉
山墳大吉　交易利　田蠶熟　失物兇
家宅安　婚姻成　六畜旺",蘇小妹難夫。宋朝。蘇小妹即蘇東坡之妹。博學多才。新婚之夜。蘇小妹吟詩又出對聯。備三個難題考夫婿。有意刁難新郎秦少游。至第三題苦思着。幸好得蘇東坡暗助。纔可入洞房。有頌曰：文章自古說三蘇。小妹聰明勝丈夫。三難新郎真異事。一間秀氣世間無。
第 62 籤,62,中籤寅宮,唐僧得道,晨昏全賴佛扶持，須是逢危卻不危；若得貴人相引處，那時財帛亦相隨。,此卦神佛暗佑之象，凡事忍耐大吉也。,平平穩穩 四方名顯 改舊從新 亦無兇險,"求財西方　移徙守舊　交易遂　公訟虧
六甲祈福　疾病祈福　婚姻成　失物見
田蠶七分　家宅安　行人阻　山墳吉
尋人西方　自身吉　六畜利",唐僧得道。一天唐僧師徒來到大河邊。佛祖靈山在望。有一獨木橋。爲凌雲渡。唐僧不敢走過。佛祖化身船伕並撐着無底破船。唐僧跌下河中。被船伕救起。這麼一來。唐僧就已脫胎換骨。超凡入聖得登佛道。唐僧就此得證佛道了。唐僧得道唐三藏信姓陳名。十三歲出家。法號玄奘。往天竺(印度)取經。歷盡艱辛。西遊記內述其故事。
第 63 籤,63,中籤卯宮,女媧氏煉石,昔然行船失了針，今朝依舊海中尋；若然尋得原針在，也費工夫也費心。,此卦海中尋針之象，凡事費心勞力也。,福是祿基 祿是福種 說得分明 切宜守謹,"家宅欠利　公訟宜和　求財有　田蠶吉
自身謹防　移徙宜遷　交易成　尋人難
婚姻不合　疾病難痊　六甲阻　失物兇
六畜莫養　山墳暫安　行人滯",女媧氏揀石補天。女媧氏是傳說中的人物。傳說，上古時代，共工氏和祝融氏是天上的二個巨人，有一天，二人打起架來，驚天動地，造成了很大的破壞， 連天也被打破個洞，不停的流下水來。女媧氏是位女神，她在山上揀了許多五色石，用火燒成石漿，把天上的窟窿給補好了。
第 64 籤,64,下籤卯宮,馬前覆水,游魚卻在碧波池，撞遭羅網四邊圍；思量無計翻身出，事到頭來惹事非。,此卦魚遭羅網之象，凡事亦宜提防也。,屋下安身 禍從天降 早覺先防 免遭災殃,"疾病有災險　山墳宜改　六甲驚　公訟虧
交易中平　家宅兇　田蠶損　移徙吉
婚姻不合　自身險　六畜衰　失物兇
行人有阻　求財虛　尋人杳",漢朝。會稽郡人氏姓朱。買臣。夫妻住於陋巷蓬門。家道貧苦。行歌誦書。砍柴賣錢度日。賣柴憑人估值。其妻嫌他貧苦。離他而去。買臣曰。吾年五十當富貴。即時自可報汝。其妻不聽。適田夫後。五十歲時。漢武帝求賢。拜爲會稽太守。其妻自悔有眼無珠。要求再合。願降爲婢妾。伏侍終身。買臣命取水一桶。潑於階下曰。若水可收。則可複合。覆水難收示不能再合。念結髮之情。買臣呼車載其夫婦。判後園隙地與妻及其夫耕種自食。其妻遂投河而死。與夫錢以葬之。
第 65 籤,65,下籤卯宮,孫臏困龐涓,眼前歡喜未爲歡，亦不危時亦不安；割肉補瘡爲甚事，不如守舊待時光。,此卦割肉成瘡之象，凡事只宜守舊待時。,知止則止 知寬自寬 割自身肉 疾痛一般,"家宅不安　婚姻不長　失物難尋　田蠶損
自身口舌　六甲有驚　疾病反覆　六畜損
求財不利　尋人招非　行人阻　公訟虧
交易小人　移徙守舊",孫臏困龐涓。戰國。孫臏齊人。龐涓魏人。同師事鬼谷子。孫臏之學優於龐涓。涓爲魏將。妒嫉臏才。涓以計刖其足。後孫臏假作顛狂。得脫歸。齊威王以臏爲師。將兵伐魏。臏用減竈添兵之法。賺龐涓。追至馬陵道。臏伏弩射擊。涓知無路可逃。在樹下自殺。
第 66 籤,66,下籤卯宮,霸王被困,路險馬乏人行急，失羣軍卒困相當；灘高風浪船棹破，日暮花殘天降霜,此卦船破下灘之象，凡事險阻提防也。,守舊待時 安靜無咎 不用求謀 自在悠遊,"疾病即歿送　婚姻不長　交易敗　六畜損
家宅憂疑　六甲危險　行人阻　尋人杳
自身災耗　移徙莫動　田蠶損　公訟虧
求財破失　山墳不利",霸王被困。楚霸王項羽的軍隊戰無不勝。項羽自以爲天下無敵。韓信率諸侯兵。與楚王大戰於九裏山。十面埋伏圍籍垓下。霸王軍心動搖。項羽突圍至烏江。雖有船接項羽過江。因感到無顏見江東父老。項羽拔劍自刎而死。
第 67 籤,67,上籤卯宮,金精試竇兒,一條金線秤君心，無減無增無重輕；爲人平生心正直，文章全具藝光明。,此卦心平正直之象，凡事安穩無兇也。,心平正直 到底清平 只依本份 天下太平,"求財守慎　家宅安　六甲男　公訟和
行人有信　自身平　田蠶穩　失物見
移徙守舊　交易穩　六畜安　山墳平
疾病禳星　婚姻合　尋人遲",金精試竇兒。竇燕山因行善積德。後生五子。一門顯貴。五子名爲。竇倫。竇信。竇仁。竇儀。竇偃。一日竇儀投宿某客棧。上天要試竇儀之誠心。於派遣金精化爲女子。詐稱鄰家少女。夜叩竇儀房門。竇儀閉戶不納。此女以投水自盡相要挾。竇儀終不爲所動。開門拔劍追女。女子化作一道金光進入地下。竇儀掘地得金一錠。今河北省涿縣就是竇家故居。
第 68 籤,68,中籤卯宮,汾陽祝壽,門廷吉慶喜非常，積善之門大吉昌；婚姻田蠶諸事遂，病逢妙藥即安康。,此卦門廷吉慶之象，凡事順遂也。,積善之家 必有餘慶 忠義之門 拱照福星,"求財春旺　山墳大吉　婚姻成　尋人至
六甲防驚　家宅旺　行人到　公訟勝
移徙如意　自身安　田蠶利　疾病安
失物急尋　交易遂　六畜旺",汾陽王郭子儀祝壽。唐朝大將軍郭子儀。精於謀略。用兵持重。治軍寬嚴得當。深得部下敬服。身經百戰。功勳卓著。歷事玄宗、肅宗、代宗、德宗四朝。勤於職守。一生系國家安危。郭汾陽。做大壽。親友來賀。一片歡樂。喜氣洋洋。其家人出將入相。既富貴亦壽考。七子八婿。皆爲朝廷顯官。據說他做壽那天。家人拜壽時把朝笏（朝見皇帝時捧在手中的那塊板）放在牀上。竟致堆滿一牀。可見家中大官之多。
第 69 籤,69,中籤辰宮,梅開二度,冬來嶺上一枝梅，葉落枝枯終不摧；但得陽春悄急至，依然還我作花魁。,此卦梅花佔魁之象，凡事宜遲則吉也。,一箭射空 當空不空 待等春來 彩在其中,"六甲春實秋虛　交易待時　疾病虛驚　六畜旺
家宅欠利　婚姻遲成　山墳宜改　尋人見
自身作福　行人遲至　田蠶旺　公訟虧
求財謹慎　失物東方",梅開二度。唐朝。梅魁被害。兒子梅良玉獲救。改名王喜童。住在陳日升家。梅魁是日升好友。一日梅花盛開。陳公借梅花拜祭梅公。祈求梅公的後代有日出人頭地。當晚梅花皆被風雨打落。陳公和女兒杏元。梅良玉拜求上天再開梅花一次。果然再次梅花盛開。梅開二度。爲千古佳話。其後梅良玉中狀元。終與陳杏元(陳公女)聯姻。
第 70 籤,70,下籤辰宮,李密反唐,朝朝恰似採花蜂，飛出西南又走東；春盡花殘無覓處，此心不變舊行蹤。,此卦蜜蜂採花之象，凡事勞心費力也。,無覓春色 久雨不晴 求謀用事 不如安靜,"家宅口舌　婚姻不長　疾病有阻　公訟虧
自身小人　六甲虛花　行人杳　失物空
求財破耗　尋人無蹤　田蠶損　山墳改
交易反覆　移徙守舊　六畜損",李密反唐。隋末。李密瓦崗寨之首領。自封魏王。李密手下名將如秦瓊。單雄信。程咬金。紛投唐王李淵。李密與王伯當後亦投李淵。又娶李仁公之公主爲妻。後殺妻反唐。被亂箭射死時三十七歲。
第 71 籤,71,中籤辰宮,文君訪相如,認知蒼龍下九衢，女子當年嫁二夫；自是一弓架兩箭，欲恐龍馬不安居。,此卦一弓架兩箭之象，凡事再合則吉也。,不出重重 事由天命 振放中開 切宜謹守,"六甲先虛後實　交易謹防　行人阻　公訟虧
家宅損失　婚姻再合　六畜損　移徙吉
自身是非　田蠶晚收　尋人見　山墳改
求財勞力　疾病禳星",文君訪相如。漢朝。卓氏有女名文君。新寡。好文詩。聽司馬相如彈琴。遂起心。乘夜奔往相處。談得投機。互傾戀慕。二人私奔出城。至成都結爲夫妻。但家貧。兩夫婦在臨邛市。開設酒店。一個是才子。一個是佳人。兩人都要當爐賣酒。爾後司馬相被漢武帝賞識。在朝廷當官。(九衢。繁華街市)
第 72 籤,72,中籤辰宮,王莽求賢,養蜂須用求他蜜，只怕遭觸尾上針；須是眼前有異路，暗裏深如荊棘林。,此卦結蜂採蜜之象，諸事勞心費力；此卦求甜得苦之象，凡事防範災殃。,事須仔細 不用強求 結蜂採蜜 有甚來由,"家宅欠利　六畜少收　求財阻　公訟虧
婚姻阻隔　移徙莫動　交易遲　失物兇
六甲虛驚　疾病歿送　行人遲　山墳敗
田蠶少收　自身防　尋人難",王莽求賢。漢。王莽依其姑母乃漢元帝之後。官封爲新都侯。爲人謙恭。又廣結豪傑賢能。仗義疏財。后王莽篡漢。改國號爲新。由於實行復古制度。加深人民痛苦。不久劉秀起來推翻王莽。恢復漢室。史稱後(東)漢。
第 73 籤,73,上籤巳宮,陳橋兵變,春來雷震百蟲鳴，番身一轉離泥中；始知出入還來往，一朝變化便成龍。,此卦雷發百蟲之象，凡事遇貴人吉兆也。,雷發時轉 出入兩存 一朝變化 直到天門,"家宅祈福　婚姻成合　六甲男　公訟勝
自身平常　田蠶早生　行人到　移徙吉
求財春利　六畜春利　尋人見　山墳吉
交易貴人　疾病險阻",陳橋兵變。宋太祖趙匡胤。仕局爲檢點。世宗崩。子恭帝立。僅數歲。(趙)奉命往伐河東。兵至陳橋。部下將士以主幼政亂。勸太祖即位。初不許。後乘太祖醉臥。以黃袍加體。乃引兵回東。受周恭帝禪位。(恭帝當年七歲。皇后新寡。兵變比禪讓更合)
第 74 籤,74,下籤巳宮,秦敗擒三帥,似鵠飛來自入籠，欲得番身卻不通；南北東西都難出，此卦誠恐恨無穹。,此卦似鵠投籠之象，凡事多虛少實也。,進身不得 退步爲難 低頭直去 悉在其中,"家宅不安　婚姻刑傷　田蠶缺　失物兇
自身困滯　六甲刑劫　六畜瘟　疾病延
求財小人　移徙不利　尋人杳　山墳絕
交易破耗　行人阻　公訟禍",秦敗擒三帥。春秋時代。秦國的秦穆公不聽老臣蹇公之言。出師侵鄭　與晉人戰於。秦師給晉國誘入險谷。前路被堵塞。兩旁晉兵拋火種磺硝。後面晉兵殺聲震天。秦軍自相踐踏。死傷無數　不敵而至大敗。三個大元帥。俱皆被擒。
第 75 籤,75,中籤午宮,伍員夜出昭關,恰如抱虎過高山，戰戰競競膽碎寒；不覺忽然從好事，切須保守一身安。,此卦抱虎過山之象，凡事險兇驚恐也。,危危險險 前程有阻 若問求謀 到底辛苦,"家宅祈保　六甲有驚　行人阻　移徙守
自身提防　田蠶五分　六畜損　失物難
求財謹慎　疾病祭虎　尋人杳　山墳兇
婚姻難順　交易滯　公訟虧",伍員夜出昭關。伍子胥。春秋時代楚人。楚平王追殺之。日藏夜行。翻山越嶺。至邊境關卡韶關。守關的竟認不出伍員。因他終日焦慮。一夜白頭。後平安過昭關到達吳國。
第 76 籤,76,中籤午宮,洪武看牛,魚龍混雜意相同，耐守深潭待運通；不覺一朝頭聳出，禹門一跳過龍宮。,此卦魚龍未變之象，凡事待時至可也。,雖是滋基 也要待時 營謀自本 切莫妄爲,"家宅平安　六甲生男　移徙守舊　公訟延
自身康泰　田蠶晚豐　求財有　疾病阻
交易待時　六畜尾利　行人遲　山墳發
婚姻遲合　尋人未遇",洪武看牛。洪武即明太祖朱元璋。小時家貧。替人看牛。放牛時說。草兒長。快快長。牛猛喫。草猛長。因金口說話。草越長越好。牛也常得肥壯。後在皇覺寺當過和尚。又行乞度日。最終參農民起義軍打敗元兵。建立明朝。喻英雄莫問出處。
第 77 籤,77,中籤午宮,捧璧歸趙,夢中說得是多財，聲名雲外總虛來；水遠山遙難信實，貴人指點笑顏開。,此卦夢中得寶之象，凡事虛多少實也。,如夢說夢 聲名莫望 只待好時 貴人指示,"家宅祈福　移徙待時　六甲虛　公訟和
交易難成　疾病歿送　行人遲　失物遠
婚姻不合　自身阻　六畜損　山墳改
田蠶不收　求財虛　尋人杳",完璧歸趙。春秋時代。秦強趙弱。秦王欲十五城交換和氏璧。趙國大夫藺相如攜璧至秦。見秦王欲佔不換此璧。藺相如以砸碎和氏璧相要。最後終可攜璧歸趙。
第 78 籤,78,上籤午宮,臨潼救駕,冷水未燒白涕湯，不寒不熱有溫涼；要行天下無他事，爲有身中百藝強。,此卦平善用事之象，凡事平穩大吉也。,囚人逢赦 病遇良醫 求財謀望 貴人指示,"山墳大吉利　家宅安　婚姻合　六畜旺
移徙大吉　自身吉　六甲男　尋人至
失物即見　求財遂　行人至　公訟散
疾病安然　交易成　田蠶熟",臨潼救駕。隋末。唐王李淵經過臨潼山下。秦瓊(叔寶)正於伍員廟午睡。被喊聲吵醒　秦瓊衝進重圍。殺退敵人。救了王爺一家。即被唐王重用。成爲唐朝之開國功臣。
第 79 籤,79,中籤午宮,暗扶倒銅旗,虛空結願保平安，保得身安願不還；莫忘神聖宜還了，此知神語莫輕慢。,此卦信實莫信虛之象，凡事守舊之兆也。,人有我見 心不用忙 觀音指示 切莫輕慢,"家宅還願　六甲生女　婚姻虛　公訟和
自身許經　田蠶七分　行人滯　移徙守
求財守份　失物西方　六畜損　疾病解
交易謹慎　山墳西向　尋人杳",暗扶倒銅旗。隋末。東領關由楊義成鎮守。並擺出銅旗陣。秦叔寶久攻不下。探知護陣主將羅成是他表弟。便聯絡姑母。命其子明保銅旗。暗助叔寶。秦叔寶破了銅旗陣。佔領東嶺關。得勝而歸。
第 80 籤,80,上籤未宮,智遠投軍,直上仙岩要學仙，此知一旦帝王宣；青天日月常明照，心正聲名四海傳。,此卦貴人接引之象，凡事和合大吉也。,有始有終 莫向西東 心中用事 貴人重重,"家宅平安　婚姻雙配　六畜勝　失物南
自身吉利　田蠶半收　尋人遇　疾病安
求財有利　六甲男　公訟勝　山墳吉
交易遂意　行人回　移徙吉",智遠投軍。劉智遠(知遠)。沙陶(沙陀族)人。劉志遠與妻李三娘居舅家。舅嫌其貧。哄志遠往瓜園。欲給二瓜精喫掉。志遠夜持鎗。戰瓜精走入地。掘開見劍。拾之辭妻投軍。投靠嶽勳。官至安撫使。契丹滅晉。中原無主。智遠於晉陽即帝位。改國曰後漢。仍稱天福而不改元。
第 81 籤,81,上籤未宮,風送滕王閣,梧桐葉落秋將暮，行客歸程去似雲；謝得天公高着力，順風船載寶珍歸。,此卦梧桐葉落之象，凡事先兇後吉也。,心中取事 天必從之 營謀用事 儘可施爲,"家宅祈保　六甲虛驚　交易成　尋人至
自身許經　田蠶晚勝　行人動　公訟勝
求財遂意　移徙隨意　六畜穩　疾病喜
婚姻和合　山墳擇地",風送滕王閣。唐朝鹹淳年。南昌滕王閣重建成。王勃欲往。睡夢中水神曰送君一帆。醒來至江邊。果見一船。上船後不久。即至滕王閣(離家七百里)。書滕王閣序。王勃乃唐高宗朝間一秀士。姓王名勃字子安。祖貫山西晉州龍門人氏。善詩。有頌曰：從來才子是神仙。風送南昌豈偶然。賦就滕王高閣句。便隨仙仗伴中源。(中源指水神稱中源水君。暗喻王勃成仙也)
第 82 籤,82,中籤未宮,火燒葫蘆谷,炎炎烈火焰連天，焰裏還生一朵蓮；到底得成終不害，依然生葉長根枝。,此卦火裏生蓮之象，凡事似險非險也。,雖然逢險 不損其身 營謀用事 皆遇貴人,"家宅欠安　六甲虛驚　行人阻　公訟虧
自身謹防　移徙守舊　田蠶缺　失物南
求財勞力　疾病歿送　六畜損　山墳改
交易小人　婚姻阻　尋人西",火燒葫蘆谷。三國。赤壁之戰曹操大敗。落荒而逃。孔明派大將於各處埋伏。曹操至葫蘆谷口休息。見地勢險要又無伏兵而哈哈大笑。忽聞炮響。張飛殺到。山谷到處起火。曹操急上馬。狼狽奔逃。敗走華容道。
第 83 籤,83,中籤未宮,李淵登位,譬若初三四五缺，半無半有未圓全；等待十五良宵夜，到處光明到處圓。,此卦月缺未圓之象，凡事候時則吉也。,守舊待時 如月初出 待等圓時 無有不吉,"自身夏秋吉　六甲生女　疾病歿送　公訟和
家宅許願　田蠶平穩　婚姻遲　失物難
求財謹守　六畜平穩　行人阻　山墳改
交易待時　移徙守舊　尋人難",李淵登位。公元六一八年。隋煬帝在江都看瓊花。被部下殺死。唐王李淵得知。即於太原登基稱帝。國號唐。李淵(唐高祖)在位九年。由李世民傳(唐太宗)接位。喻境況漸入佳景。
第 84 籤,84,下籤未宮,莊子試妻,因名喪德如何事，切恐吉中變化兇；酒醉不知何處去，青松影裏夢朦朧。,寒魚離水招兇之象，凡事不可移動也。,寒魚離水 美中不足 若問營謀 不如莫起,六甲煞旺　諸事不利　解除保安,莊子試妻。周朝。姓莊名周。字子休。宋國蒙邑人。仕周爲漆園吏。莊子假死試妻。其妻田氏守孝。七天後有一楚國王孫公子到訪。自稱莊子之徒。願執百日之喪。田氏愛公子俊美。不足廿日成婚。公子叫心疼。曰腦髓(人心)可治。田氏往劈莊子棺以取腦髓(人心)。莊子破棺而出。後田氏羞愧自殺。
第 85 籤,85,中籤申宮,韓文公遇雪,雲開霧罩山前路，萬物圓中月再圓；若得詩書沉夢醒，貴人指引步天台。,此卦春盡花開之象，凡事主後改變也。,老者用求 春殘再開 欲求名利 晚遇橫財,"家宅欠利　移徙更新　婚姻遲　六畜好
自身謹慎　疾病延滯　六甲女　尋人難
求財着力　山墳宜改　行人阻　失物兇
公訟反覆　交易平　田蠶好",韓文公遇雪。韓愈。字退之。昌黎人。唐德宗貞元八年進士。諡文公。因諫迎佛骨。獨怒天子。貶至潮州刺史。途經藍關。大雪封山。馬不向前。韓嘆皇上不殺我。皇天亡我矣。事前其侄韓湘子曾曰：雲橫秦嶺家何在。雪擁藍關馬不前。此時韓文公才悟其意。後韓愈棄官。財產盡捐地方。入山修道成仙。
第 86 籤,86,上籤申宮,商輅中三元,春來花發映陽臺，萬里車來進寶財；若得禹門三級浪，恰如平地一聲雷。,此卦上朝見帝之象，凡事太吉大利也。,朝帝受職 如貧得寶 謀望從心 卦中第一,從心所欲　諸事皆吉,商輅中三元。三元記。明朝。商輅。浙江人。父早亡。商輅三元及第。喻步步高昇也。(三元即三級試。鄉試：解元。省試：會元。殿試：狀元。)
第 87 籤,87,中籤申宮,咬金探地穴,人行半嶺日銜山，竣嶺崖巖未可安；仰望上天爲護佑，此身猶在太平間。,此卦淘沙見金人處險境之象，凡事有貴人之兆也。,鑿石見玉 淘沙見金 須要着力 只是勞心,"家宅祈福　婚姻有阻　山墳不阻　移徙守
自身欠利　田蠶平穩　六甲虛　失物兇
求財勞心　六畜平穩　行人遲　疾病阻
交易謹慎　尋人未遇　公訟虧",咬金探地穴。爲慶戰功。程咬金於演武楊擺宴。忽地裂一洞。深不可測。大家拈字抽籤。咬金抽得。租繩縛身入穴。見石造之門桌椅橋等。桌上還有龍袍玉帶。咬金穿着出洞。做了三年混世魔王。
第 88 籤,88,中籤酉宮,龐洪畏包公,木爲一虎在當門，須是有威不害人；分明說是無防事，憂惱遲疑恐驚心。,此卦木虎有威之象，凡事虛驚少實也。,爐頭點雪 似耳邊風 可宜作福 後吉前兇,"家宅不安　婚姻不合　行人阻　公訟虧
自身口舌　六甲虛險　田蠶損　失物兇
求財小人　移徙守舊　六畜損　山墳兇
交易不利　疾病祭虎　尋人杳",龐洪畏包公。宋朝仁宗。包公爲開封府府尹。龐洪爲國丈(皇帝作女婿)。陷將軍狄青於獄中。包公求審此案。龐洪驚畏萬分。多方阻攔。後案情大白。證實龐洪誣陷。呈宋仁宗聖裁。又因皇戚被釋。
第 89 籤,89,上籤酉宮,智服姜維,出入營謀大吉昌，似玉無瑕石裏藏；若得貴人來指引，斯時得寶喜風光。,此卦石藏珍寶之象，凡事稱心大吉也。,如石藏玉 貴人指示 得祗稱心 歡懷得意,"家宅吉利　六甲生男　行人動　失物在
自身康泰　田蠶着力　尋人見　疾病安
求財遂意　六畜勤理　公訟勝　山墳吉
婚姻成就　交易成　移徙吉",智服姜維。姜維字伯約。三國時魏大將。事母至孝。文武雙全。智勇足備。諸葛亮極爲愛惜。因此設計如何智取姜維歸順。諸葛亮一面派軍攻打姜維母親居住的冀城。引姜維出兵保護。一面派人在夜間假扮姜維投降蜀（劉備）攻打天水城。混亂魏軍。使他們相信姜維已叛變。然後逼使姜維走投無路，下馬向諸葛亮投降。諸葛亮下車迎接姜維。待之以禮。姜維也心悅誠服的歸順劉備了。(三國演義)
第 90 籤,90,上籤酉宮,葦佩遇仙,忽言一信向天飛，泰山寶貝滿船歸；若問路途成好事，前頭仍有貴人推。,此卦功名成就之象，凡事宜進大吉也。,若問功名 前有貴人 更添喜氣 財祿豐盈,諸事佳吉　求之順遂,韋佩遇仙。窮書生韋佩年近四十。牽驢過洛陽橋。一漁夫賣大鱉。韋佩不忍。但缺錢。遂以驢換鱉。於橋下放生。從此韋佩中舉。加官晉爵。或指此鱉爲仙所化。故曰韋佩遇仙。
第 91 籤,91,中籤酉宮,三戰呂布,好展愁眉出衆來，前途改變喜多財；一條大路如天闊，凡有施財盡暢懷。,此卦前途顯達之象，凡事通泰大吉也。,一條大路 可向前行 心中用事 只可向前,諸事如心　順利吉昌,三戰呂布。三國時。呂布領兵三萬入駐虎牢關。張飛持三叉戟與呂布持丈八矛相戰。不分勝負。關羽持青龍偃月刀加入。劉備又加入戰圈。是爲三英戰呂布。呂布見不能勝。逃回關內。
第 92 籤,92,上籤酉宮,蔡卿報恩,自幼爲商任設謀，財祿盈豐不用求；若是雙身謀望事，秀纔出去狀元回。,此卦自小爲商之象，凡事勤儉無憂也。,自小至大 無阻無礙 作意營謀 功名順遂,"求財順遂　疾病即安　交易勝　尋人見
六甲生男　山墳大吉　婚姻合　公訟勝
田蠶半收　家宅安　行人動　失物在
移徙如意　自身泰　六畜旺",蔡卿報恩。蔡卿即蔡伯喈(蔡邕)。上京赴考。其妻趙五娘。因家貧以糟糠果腹。鄉鄰張廣才時加接濟。蔡伯喈中了狀元。回家得知其妻獲張廣才相幫。夫妻便到張家拜謝。並贈銀兩。
第 93 籤,93,中籤戌宮,高君保招親,鸞鳳翔毛雨淋漓，當時卻被雀兒欺；終教一日雲開達，依舊還君整羽衣。,此卦鸞鳳被雨之象，凡事待時大利也。,小人日盛 君子莫爲 只宜守己 待時施爲,"家宅欠利　六甲有虛　田蠶晚　失物兇
自身謹防　行人留連　六畜損　疾病延
交易待時　移徙守舊　尋人難　山墳改
婚姻遲滯　求財阻　公訟虧",高君保(高俊保)爲高懷德之子。趙匡胤領兵徵南唐被困。高君保領兵二百押糧接濟。至雙鎖山。被女賊劉金定劫持。並強逼成親。夫妻領衆殺入重圍。救出趙匡胤。
第 94 籤,94,下籤戌宮,伯牙訪友,君子莫體小人爲，事若差池各是非；琴鳴須用知音聽，守常安靜得依稀。,此卦要逢知己之象，凡事守常則吉也。,知音方許 閒事莫理 待得貴人 無不歡喜,"家宅慎出　婚姻宜遲　六甲女　六畜損
自身小人　失物速尋　行人動　尋人勤
求財待時　疾病阻隔　田蠶少　公訟和
交易謹慎　山墳不利",(伯牙碎琴)春秋戰國。姓俞名瑞字伯牙。楚國郢都人。事晉退休。乘船遇荒山。見樵夫子期欣賞其琴。遂結契兄弟。相約一年後重敘。到期再往訪。才知鍾子期已死。往訪其墳。斷絃碎琴。曰：摔碎瑤琴鳳尾寒。子期不在對誰彈。春風滿面皆朋友。欲覓知音難上難。
第 95 籤,95,中籤戌宮,曹丕稱帝,志氣功業在朝朝，今將酒色不勝饒；若見金雞報君語，錢財福祿與君招。,此卦志氣功名之象，凡事守常大吉也。,志氣心動 守己未遲 金雞報諾 無不歡喜,"家宅祈保　婚姻有成　六甲安　移徙守
自身中平　田蠶晚成　六畜成　失物遠
求財勞心　公訟急斷　尋人難　山墳吉
交易早斷　疾病延纏",曹丕稱帝。曹丕爲曹操之次子。曹操挾天子(漢獻帝)以令諸侯。曹丕廢獻帝自立。改國號爲魏。七年後又被手下司馬炎廢掉。改國號爲晉。
第 96 籤,96,上籤戌宮,竇燕山積善,巍峨寶塔不尋常，八面玲瓏盡放光；勸君立志勤頂禮，作善蒼天降福祥。,此卦福德現身之象，凡事大吉利也。,這些福份 衆人皆見 不用心忙 福德前定,"家宅許願　婚姻好合　六甲喜　移徙吉
自身許經　田蠶平穩　行人動　山墳平
求財正勝　六畜欠利　尋人遇　失物
交易大吉　疾病禳星　公訟和",竇燕山積善。宋朝。竇燕山中年無子。一夜夢中。其父訓他去惡從善。自此竇燕山痛改前非。力行方便。並得五子。三字經有載：竇燕山。有義方。教五子。名俱揚。
第 97 籤,97,中籤亥宮,六出祁山,當風點燭空疏影，恍惚鋪成鏡裏花；累被兒竟求牧拾，怎知只是幻浮槎。,此卦當風點燭之象，凡事虛名不利也。,富貴在天 貧窮是命 不用求謀 皆是前定,"家宅祈福　婚姻中平　疾病犯陰　公訟虧
自身謹慎　六甲有驚　行人杳　失物兇
求財得利　尋人無蹤　田蠶損　山墳改
交易慎重　移徙守舊　六畜損",六出祁山。三國。祁山橫亙於魏蜀間。孔明屢出祁山伐魏不果。第六次出祁山。孔明寫了出師表。終不能勝。且死於五丈原。喻時也命也。到頭來一切皆空。
第 98 籤,98,下籤亥宮,吉平遇難,出入求謀事宜遲，只恐閒愁惹是非；如鳥飛入羅網內，脫困能有幾多時。,此卦守舊隨緣之象，凡事不如意主兇也。,守舊隨時 待貴人至 若問諸般 主事定遲,"疾病犯羅網　婚姻不長　行人困　公訟虧
家宅憂疑　六甲刑損　田蠶損　失物兇
自身小人　移徙勿動　六畜損　山墳絕
交易損失　求財破　尋人杳",吉平遇難。三國。醫師吉平。感於曹操挾天子以令諸侯。欲殺奸臣。恰曹操頭痛。吉平往治。藥中下毒。曹操發覺。嚴刑拷打吉平。吉平大罵曹操。一頭撞於石柱自殺。
第 99 籤,99,下籤亥宮,陶三春掛帥,勒馬持鞭直過來，半有憂危半有災；恰似遭火焚燒屋，天降時雨蕩成灰。,此卦半憂半喜之象，凡事只宜行善也。,終身勞力 莫管是非 枷鎖臨時 怨尤自至,"家宅祈保　移徙守舊　六甲險　公訟虧
自身守慎　疾病憂危　行人困　失物兇
婚姻刑剋　求財破　田蠶損　山墳敗
尋人招非　交易阻　六畜損",陶三春掛帥。宋朝。陶洪之女。陶三春與鄭恩比武成親。生子鄭印。娶妻王玉娥。皆習武。後聞鄭恩與趙匡胤出兵南唐被圍。陶三春帶同子媳攻打南唐。兩師會合。得勝而回。
第 100 籤,100,下籤亥宮,三教談話,佛神靈通與君知，癡人說事轉昏迷；老人求得靈籤去，不如守舊待時來。,此卦守常勿動之象，凡事宜待時吉也。,完滿靈簽盡報君知依舊勿動待等時至,此是滿簽諸事不利大作佛力可保平安,三教談道。北周武帝時。三教(儒釋道)互相排斥。皇帝召集大會辯論。經過三次爭辯。喻道在我教。理存我方。爭執不止。沒有結論。痴事一樁。後佛教成為中國人民信仰主流。也有三教同源之說。
